<?xml version="1.0" encoding="UTF-8"?>
<project-private xmlns="http://www.netbeans.org/ns/project-private/1">
    <editor-bookmarks xmlns="http://www.netbeans.org/ns/editor-bookmarks/2" lastBookmarkId="0"/>
    <open-files xmlns="http://www.netbeans.org/ns/projectui-open-files/2">
        <group>
            <file>file:/C:/Users/sbpol/Documents/apms1/src/com/mycompany/Studentdashboard.java</file>
            <file>file:/C:/Users/sbpol/Documents/apms1/src/com/mycompany/Student_sub.java</file>
            <file>file:/C:/Users/sbpol/Documents/apms1/src/com/mycompany/login.java</file>
            <file>file:/C:/Users/sbpol/Documents/apms1/src/com/mycompany/group.java</file>
            <file>file:/C:/Users/sbpol/Documents/apms1/src/com/mycompany/mentordashboard4.java</file>
            <file>file:/C:/Users/sbpol/Documents/apms1/src/com/mycompany/Admin.java</file>
            <file>file:/C:/Users/sbpol/Documents/apms1/src/com/mycompany/mentordashboard3.java</file>
            <file>file:/C:/Users/sbpol/Documents/apms1/src/com/mycompany/Admindashboard.java</file>
            <file>file:/C:/Users/sbpol/Documents/apms1/src/com/mycompany/Mentor.java</file>
        </group>
    </open-files>
</project-private>
