<?xml version="1.0" encoding="UTF-8"?>
<project-private xmlns="http://www.netbeans.org/ns/project-private/1">
    <editor-bookmarks xmlns="http://www.netbeans.org/ns/editor-bookmarks/2" lastBookmarkId="0"/>
    <open-files xmlns="http://www.netbeans.org/ns/projectui-open-files/2">
        <group>
            <file>file:/C:/Users/Santosh%20Sawant/Downloads/apms1(5_10_23)/apms1/src/com/mycompany/Mentordashboard.java</file>
            <file>file:/C:/Users/Santosh%20Sawant/Downloads/apms1(5_10_23)/apms1/src/com/mycompany/Admindashboard.java</file>
            <file>file:/C:/Users/Santosh%20Sawant/Downloads/apms1(5_10_23)/apms1/src/com/mycompany/mentordashboard3.java</file>
            <file>file:/C:/Users/Santosh%20Sawant/Downloads/apms1(5_10_23)/apms1/src/com/mycompany/Register.java</file>
            <file>file:/C:/Users/Santosh%20Sawant/Downloads/apms1(5_10_23)/apms1/src/com/mycompany/Mentor.java</file>
            <file>file:/C:/Users/Santosh%20Sawant/Downloads/apms1(5_10_23)/apms1/src/com/mycompany/Student.java</file>
            <file>file:/C:/Users/Santosh%20Sawant/Downloads/apms1(5_10_23)/apms1/src/com/mycompany/mentordashboard4.java</file>
            <file>file:/C:/Users/Santosh%20Sawant/Downloads/apms1(5_10_23)/apms1/src/com/mycompany/Teacher_sub.java</file>
            <file>file:/C:/Users/Santosh%20Sawant/Downloads/apms1(5_10_23)/apms1/src/com/mycompany/Student_sub.java</file>
            <file>file:/C:/Users/Santosh%20Sawant/Downloads/apms1(5_10_23)/apms1/src/com/mycompany/group.java</file>
            <file>file:/C:/Users/Santosh%20Sawant/Downloads/apms1(5_10_23)/apms1/src/com/mycompany/Admin.java</file>
            <file>file:/C:/Users/Santosh%20Sawant/Downloads/apms1(5_10_23)/apms1/src/com/mycompany/mentordashboard2.java</file>
            <file>file:/C:/Users/Santosh%20Sawant/Downloads/apms1(5_10_23)/apms1/src/com/mycompany/login.java</file>
        </group>
    </open-files>
</project-private>
